sigma_a,sigma_y,mae_mean,mae_std,cv_mean,cv_std,n_windows,n_replicates
0.01,0.01,18.351962960815428,18.96245002363243,0.019928978427324644,0.009562961286662394,500,20
0.05,0.05,91.55637869873047,89.48860399129697,0.10146335820685858,0.04859155252933787,500,20
0.1,0.1,186.07887595977786,177.75099433044062,0.20183777509714979,0.08541871443743695,500,20
