model,overall_rmse,baseline_rmse,improvement_pct,rmse_step_1,rmse_step_2,rmse_step_3,rmse_step_4,rmse_step_5,rmse_step_6,rmse_step_7,rmse_step_8,rmse_step_9,rmse_step_10,rmse_step_11,rmse_step_12,rmse_step_13,rmse_step_14
CRT,86.44541931152344,208.7318878173828,58.585427355903775,29.22308921813965,38.34823989868164,41.59556579589844,42.64149475097656,77.73080444335938,77.75997924804688,79.16563415527344,82.7300796508789,87.25746154785156,91.58154296875,95.26602172851562,124.7984619140625,127.03251647949219,129.45057678222656
mean,208.7318878173828,208.7318878173828,0.0,209.7676239013672,209.7676239013672,209.7676239013672,209.7676239013672,207.67727661132812,207.67727661132812,207.67727661132812,207.67727661132812,207.67727661132812,207.67727661132812,207.67727661132812,209.79934692382812,209.79934692382812,209.79934692382812
persistence,81.26864624023438,208.7318878173828,61.06553383384555,0.0,0.0,0.0,0.0,82.02336883544922,82.02336883544922,82.02336883544922,82.02336883544922,82.02336883544922,82.02336883544922,82.02336883544922,122.9762191772461,122.9762191772461,122.9762191772461
